# key	english	spanish	placeholders (name:type,...)
appTitle	QualiTrack Mobile	QualiTrack Mobile
loading	Loading…	Cargando…
refresh	Refresh	Actualizar
refreshing	Refreshing…	Actualizando…
retry	Retry	Reintentar
cancel	Cancel	Cancelar
search	Search	Buscar
yes	Yes	Sí
no	No	No
unknown	Unknown	Desconocido
noInformation	No information available	Sin información disponible
noResults	No results match the current filters	No hay resultados para los filtros actuales
filterAll	All	Todos
previous	Previous	Anterior
next	Next	Siguiente
pageOf	Page {page} of {total}	Página {page} de {total}	page:int,total:int
total	Total	Total
status	Status	Estado
code	Code	Código
name	Name	Nombre
description	Description	Descripción
type	Type	Tipo
model	Model	Modelo
unit	Unit	Unidad
quantity	Quantity	Cantidad
timestamp	Timestamp	Fecha y hora
parameter	Parameter	Parámetro
active	Active	Activo
inactive	Inactive	Inactivo
startDate	Start date	Fecha de inicio
endDate	End date	Fecha de fin
generalInformation	General information	Información general
updatedAt	Updated at {time}	Actualizado a las {time}	time:String
errorTitle	Something went wrong	Algo salió mal
errorNetwork	No connection to QualiTrack. Check your internet connection or the API address.	Sin conexión con QualiTrack. Verifica tu conexión a internet o la dirección de la API.
errorTimeout	The server took too long to respond. Try again.	El servidor tardó demasiado en responder. Inténtalo de nuevo.
errorBadRequest	The request was rejected by QualiTrack.	QualiTrack rechazó la solicitud.
errorCredentialsRequired	Enter your username and password.	Ingresa tu usuario y contraseña.
errorUnauthorized	Your session is no longer valid. Sign in again.	Tu sesión ya no es válida. Inicia sesión nuevamente.
errorForbidden	You do not have access to this information.	No tienes acceso a esta información.
errorOnboarding	Your account setup is incomplete. Complete it in QualiTrack Web.	La configuración de tu cuenta está incompleta. Complétala en QualiTrack Web.
errorNotFound	The requested information was not found.	No se encontró la información solicitada.
errorConflict	The operation conflicts with the current state.	La operación entra en conflicto con el estado actual.
errorServer	QualiTrack is not available right now. Try again later.	QualiTrack no está disponible en este momento. Inténtalo más tarde.
errorParsing	The server response could not be read.	No se pudo interpretar la respuesta del servidor.
errorMissingLaboratory	Your account has no laboratory assigned. Complete the setup in QualiTrack Web.	Tu cuenta no tiene un laboratorio asignado. Completa la configuración en QualiTrack Web.
errorUnexpected	An unexpected error occurred.	Ocurrió un error inesperado.
checkingSession	Checking session	Verificando sesión
signInTitle	Sign In	Iniciar sesión
signInSubtitle	Welcome back to QualiTrack.	Bienvenido de nuevo a QualiTrack.
username	Username	Usuario
usernameHint	name@company.com	nombre@empresa.com
usernameRequired	Username is required	El usuario es obligatorio
password	Password	Contraseña
passwordHint	Your password	Tu contraseña
passwordRequired	Password is required	La contraseña es obligatoria
showPassword	Show password	Mostrar contraseña
hidePassword	Hide password	Ocultar contraseña
signIn	Sign In	Iniciar sesión
signingIn	Signing in	Iniciando sesión
invalidCredentials	Invalid username or password.	Usuario o contraseña incorrectos.
sessionExpired	Your session has expired. Please sign in again.	Tu sesión expiró. Inicia sesión nuevamente.
accountsManagedOnWeb	Accounts are created and managed in QualiTrack Web.	Las cuentas se crean y administran en QualiTrack Web.
signOut	Sign out	Cerrar sesión
signOutConfirm	Do you want to sign out of QualiTrack?	¿Deseas cerrar sesión en QualiTrack?
setupRequiredTitle	Complete your setup in QualiTrack Web	Completa tu configuración en QualiTrack Web
setupSubscriptionMissing	Your laboratory does not have an active subscription yet.	Tu laboratorio aún no tiene una suscripción activa.
setupLaboratoryMissing	Your account is not linked to a laboratory yet.	Tu cuenta aún no está vinculada a un laboratorio.
setupGeneric	Your account setup is not complete.	La configuración de tu cuenta no está completa.
setupRequiredHint	Subscriptions, laboratories and users are configured from the web application. Come back once it is done.	Las suscripciones, laboratorios y usuarios se configuran desde la aplicación web. Vuelve cuando esté listo.
checkAgain	Check again	Verificar de nuevo
roleAdmin	Administrator	Administrador
roleQaManager	QA Manager	Responsable de calidad
roleLabOperator	Lab Operator	Operario
navHome	Home	Inicio
navTelemetry	Telemetry	Telemetría
navAlerts	Alerts	Alertas
navBatches	Batches	Lotes
navMore	More	Más
more	More	Más
profile	Profile	Perfil
about	About	Acerca de
versionLabel	Version {version}	Versión {version}	version:String
aboutDescription	QualiTrack Mobile is the monitoring and review companion of the QualiTrack pharmaceutical quality management platform: telemetry, deviation alerts, production batches, inventory and billing at a glance.	QualiTrack Mobile es la app de monitoreo y revisión de la plataforma de gestión de calidad farmacéutica QualiTrack: telemetría, alertas de desviación, lotes de producción, inventario y facturación de un vistazo.
aboutWebScope	Configuration and data registration (laboratories, products, materials, equipment, sensors, limits, batches, users and subscriptions) are performed in QualiTrack Web.	La configuración y el registro de datos (laboratorios, productos, materiales, equipos, sensores, límites, lotes, usuarios y suscripciones) se realizan en QualiTrack Web.
laboratory	Laboratory	Laboratorio
ruc	RUC	RUC
phone	Phone	Teléfono
address	Address	Dirección
regulations	Applicable regulations	Normativas aplicables
welcomeUser	Hello, {name}	Hola, {name}	name:String
keyOperationalMetrics	Key operational metrics	Métricas operativas clave
openAlerts	Open alerts	Alertas abiertas
operationalCount	{count} operational	{count} operativos	count:int
criticalCount	{count} critical	{count} críticas	count:int
criticalAlertsCount	{count} critical alerts open	{count} alertas críticas abiertas	count:int
noCriticalAlerts	No critical alerts open	Sin alertas críticas abiertas
liveTelemetry	Live telemetry	Telemetría en vivo
liveTelemetryHint	Readings of the last 24 hours	Lecturas de las últimas 24 horas
lowStock	Low stock	Stock bajo
equipmentTitle	Equipment	Equipos
equipmentDetail	Equipment detail	Detalle del equipo
equipmentEmpty	No equipment has been registered in QualiTrack Web yet.	Aún no se han registrado equipos en QualiTrack Web.
equipmentSummary	{total} registered · {attention} need attention	{total} registrados · {attention} requieren atención	total:int,attention:int
searchEquipment	Search by name, model or serial	Buscar por nombre, modelo o serie
needsAttention	Needs attention	Requiere atención
equipmentOperational	Operational	Operativo
equipmentMaintenance	Maintenance	Mantenimiento
equipmentOutOfService	Out of service	Fuera de servicio
equipmentNumber	Equipment #{id}	Equipo #{id}	id:int
serialNumber	Serial number	N.° de serie
viewTelemetry	View telemetry	Ver telemetría
bpmLimits	BPM limits	Límites BPM
bpmLimitsEmpty	No BPM limits configured.	No hay límites BPM configurados.
maintenanceHistory	Maintenance history	Historial de mantenimiento
maintenanceEmpty	No maintenance records.	Sin registros de mantenimiento.
complianceEvents	Compliance events	Eventos de cumplimiento
auditLog	Audit log	Registro de auditoría
telemetryTitle	Telemetry Dashboard	Panel de Telemetría
telemetrySubtitle	Real-time sensory data and parameter monitoring	Datos sensoriales y monitoreo de parámetros en tiempo real
liveUpdates	Live · 15 s	En vivo · 15 s
telemetryUnavailable	Telemetry unavailable	Telemetría no disponible
connectionStatus	Connection status	Estado de conexión
eventsCount	{count} events	{count} eventos	count:int
liveTelemetryStream	Live telemetry stream	Flujo de telemetría en vivo
window15m	15 min	15 min
window1h	1 h	1 h
window6h	6 h	6 h
window24h	24 h	24 h
noHistoryInRange	No telemetry history for this range	Sin historial de telemetría para este rango
chartSemantics	Telemetry chart with {count} readings {unit}	Gráfico de telemetría con {count} lecturas {unit}	count:int,unit:String
currentReadings	Current sensor readings	Lecturas actuales de sensores
rawTelemetryLog	Raw telemetry data log	Registro de telemetría
rawTelemetrySubtitle	Sensory logs and BPM deviation records	Registros sensoriales y desviaciones BPM
liveEntries	Entries ({count})	Registros ({count})	count:int
recordedValue	Recorded value	Valor registrado
alertsTitle	Compliance Alerts	Alertas de Cumplimiento
alertsSubtitle	Deviation alerts generated by QualiTrack	Alertas de desviación generadas por QualiTrack
alertsEmptyTitle	No deviation alerts	Sin alertas de desviación
alertsEmptyMessage	All monitored parameters are within limits.	Todos los parámetros monitoreados están dentro de los límites.
totalAlerts	Total alerts	Total de alertas
criticalOpen	Critical open	Críticas abiertas
alertUnresolved	Unresolved	Sin resolver
alertAcknowledged	Acknowledged	Reconocida
alertResolved	Resolved	Resuelta
severity	Severity	Severidad
severityLow	Low	Baja
severityWarning	Warning	Advertencia
severityCritical	Critical	Crítica
alertNumber	Alert #{id}	Alerta #{id}	id:int
batch	Batch	Lote
batchNumberShort	Batch #{id}	Lote #{id}	id:int
userNumber	User #{id}	Usuario #{id}	id:int
deviationDetails	Deviation details	Detalle de desviación
technicalInspection	Technical inspection	Inspección técnica
thresholdValue	Threshold value	Valor umbral
acknowledgedBy	Acknowledged by	Reconocida por
resolvedBy	Resolved by	Resuelta por
resolutionNotes	Resolution notes	Notas de resolución
resolutionNotesHint	Describe the corrective action and verification	Describe la acción correctiva y su verificación
resolutionNotesRequired	Resolution notes are required	Las notas de resolución son obligatorias
reviewActions	Review actions	Acciones de revisión
reviewRestricted	Only the quality manager releases or rejects batches.	Solo el responsable de calidad libera o rechaza lotes.
acknowledge	Acknowledge	Reconocer
acknowledgeAlert	Acknowledge alert	Reconocer alerta
acknowledgeConfirm	Confirm that you have reviewed this deviation.	Confirma que revisaste esta desviación.
markAsResolved	Mark as resolved	Marcar como resuelta
resolveConfirm	The alert will be closed with your resolution notes.	La alerta se cerrará con tus notas de resolución.
alertAcknowledgedMessage	Alert acknowledged	Alerta reconocida
alertResolvedMessage	Alert resolved	Alerta resuelta
batchesTitle	Production Batches	Lotes de Producción
batchesSubtitle	Traceability and quality control of production cycles	Trazabilidad y control de calidad de los ciclos de producción
batchesEmpty	No production batches have been registered in QualiTrack Web yet.	Aún no se han registrado lotes de producción en QualiTrack Web.
searchBatches	Search by batch number or product	Buscar por número de lote o producto
batchPending	Pending	Pendiente
batchInProgress	In progress	En progreso
batchReleased	Released	Liberado
batchRejected	Rejected	Rechazado
product	Product	Producto
awaitingQaRelease	Awaiting QA release	En espera de liberación QA
batchDetail	Batch detail	Detalle del lote
rawMaterialsUsed	Raw materials used	Materias primas usadas
traceability	Traceability	Trazabilidad
bpmNotes	BPM notes	Notas BPM
qaReview	QA review	Revisión QA
qaReviewHint	Release or reject this existing batch. QualiTrack validates the transition.	Libera o rechaza este lote existente. QualiTrack valida la transición.
releaseBatch	Release batch	Liberar lote
rejectBatch	Reject batch	Rechazar lote
releaseDate	Release date	Fecha de liberación
rejectionDate	Rejection date	Fecha de rechazo
qualityReleaseNotes	Quality release notes	Notas de liberación de calidad
releaseNotesHint	Compliance release notes and verification observations	Notas de liberación y observaciones de verificación
releaseNotesRequired	Release notes are required	Las notas de liberación son obligatorias
rejectionReason	Rejection reason	Motivo de rechazo
rejectionReasonHint	Regulatory cause or BPM non-conformity	Causa regulatoria o no conformidad BPM
rejectionReasonRequired	A rejection reason is required	El motivo de rechazo es obligatorio
releaseConfirm	Release batch {batch}? This action cannot be undone from the app.	¿Liberar el lote {batch}? Esta acción no se puede deshacer desde la app.	batch:String
rejectConfirm	Reject batch {batch}? This action cannot be undone from the app.	¿Rechazar el lote {batch}? Esta acción no se puede deshacer desde la app.	batch:String
batchReleasedMessage	Batch released	Lote liberado
batchRejectedMessage	Batch rejected	Lote rechazado
rawMaterialsUsedEmpty	No raw materials were consumed by this batch.	Este lote no registra consumo de materias primas.
materialNumber	Material #{id}	Material #{id}	id:int
stockBeforeAfter	Stock {before} → {after}	Stock {before} → {after}	before:String,after:String
receiptNumber	Receipt #{id}	Recepción #{id}	id:int
inventoryTitle	Raw Materials Inventory	Inventario de Materias Primas
inventoryEmpty	No raw materials have been registered in QualiTrack Web yet.	Aún no se han registrado materias primas en QualiTrack Web.
materialsCount	{count} materials	{count} materiales	count:int
lowStockAlert	{count} materials are below the minimum stock	{count} materiales están por debajo del stock mínimo	count:int
searchMaterials	Search by name or code	Buscar por nombre o código
belowMinimum	Below minimum	Bajo el mínimo
blockedStock	Blocked stock	Stock bloqueado
stockOk	Stock OK	Stock correcto
usableStock	Usable stock	Stock utilizable
physicalStock	Physical stock	Stock físico
minimumStock	Minimum stock	Stock mínimo
materialDetail	Material detail	Detalle del material
receiptsEmpty	No receipts registered.	No hay recepciones registradas.
supplier	Supplier	Proveedor
initialAmount	Initial amount	Cantidad inicial
availableAmount	Available amount	Cantidad disponible
receivedOn	Received	Recibido
expiresOn	Expires	Vence
usable	Usable	Utilizable
receiptQuarantined	Quarantined	En cuarentena
receiptReleased	Released	Liberado
receiptObserved	Observed	Observado
receiptRejected	Rejected	Rechazado
movements	Stock movements	Movimientos de stock
movementsEmpty	No movements recorded.	No hay movimientos registrados.
productsTitle	Pharmaceutical Product Catalog	Catálogo de Productos Farmacéuticos
productsEmpty	No products have been registered in QualiTrack Web yet.	Aún no se han registrado productos en QualiTrack Web.
productsCount	{count} registered products	{count} productos registrados	count:int
searchProducts	Search by code or name	Buscar por código o nombre
productDetail	Product detail	Detalle del producto
bpmSpecifications	BPM specifications	Especificaciones BPM
reportsTitle	Reports & KPIs	Reportes y KPIs
reportsSubtitle	KPI dashboard and generated reports	Panel de KPIs y reportes generados
reportsEmpty	No KPI dashboard or reports have been generated in QualiTrack Web yet.	Aún no se han generado KPIs ni reportes en QualiTrack Web.
reportHistory	Report history	Historial de reportes
reportHistoryEmpty	No reports generated.	No hay reportes generados.
billingTitle	Billing Summary	Resumen de Facturación
billingSubtitle	Your active subscription and payment history	Tu suscripción activa y el historial de pagos
billingEmpty	No subscriptions found for this laboratory.	No se encontraron suscripciones para este laboratorio.
currentSubscription	Current subscription	Suscripción actual
noActiveSubscription	No active subscription	Sin suscripción activa
plan	Plan	Plan
billingCycle	Billing cycle	Ciclo de facturación
periodStart	Period start	Inicio del periodo
periodEnd	Period end	Fin del periodo
amount	Amount	Monto
maxUsers	Max users	Usuarios máximos
maxEquipment	Max equipment	Equipos máximos
paymentHistory	Payment history	Historial de pagos
paymentsEmpty	No payments recorded.	No hay pagos registrados.
provider	Provider	Proveedor
subscriptionHistory	Subscription history	Historial de suscripciones
billingManagedOnWeb	Plan changes, checkout and cancellation are managed in QualiTrack Web.	Los cambios de plan, pagos y cancelaciones se gestionan en QualiTrack Web.
account	Account	Cuenta
actionCoolingOff	Cooling off	Refrigeración apagada
actionCoolingOn	Cooling on	Refrigeración encendida
actionExecuted	Executed	Ejecutada
actionFailed	Failed	Fallida
actionServoClose	Servo closed	Servo cerrado
actionServoOpen	Servo opened	Servo abierto
actionVentilationOff	Ventilation off	Ventilación apagada
actionVentilationOn	Ventilation on	Ventilación encendida
addPhoto	Add photo	Agregar foto
alertsOpen	Open	Abiertas
anEnvironment	an environment	un ambiente
auditorReadOnly	Auditors consult alerts without changing them.	Los auditores consultan las alertas sin modificarlas.
automaticActions	Automatic actions	Acciones automáticas
automaticActionsHint	Responses of the container in the last 24 hours	Respuestas del contenedor en las últimas 24 horas
batchesInProgress	Batches in progress	Lotes en proceso
batchesThatUsedIt	Batches that used it	Lotes que la usaron
changePassword	Change password	Cambiar contraseña
changePasswordForcedHint	You signed in with a temporary password. Choose your own password to continue.	Ingresaste con una contraseña temporal. Elige tu propia contraseña para continuar.
changePasswordTitle	Choose your password	Elige tu contraseña
changePhoto	Change photo	Cambiar foto
conditionNormalized	The condition returned to normal on {date}; the alert stays open until someone resolves it.	La condición volvió a la normalidad el {date}; la alerta sigue abierta hasta que alguien la resuelva.	date:String
confirmPassword	Confirm the new password	Confirma la nueva contraseña
connected	Connected	Conectado
connectedOfTotal	{connected} of {total} devices connected	{connected} de {total} dispositivos conectados	connected:int,total:int
container	Container	Contenedor
containerMonitor	Container monitor	Monitor de contenedor
criticalRange	Critical range	Rango crítico
criticalRangeValue	critical {range}	crítico {range}	range:String
currentPassword	Current password	Contraseña actual
deviationIndicators	Deviation indicators	Indicadores de desviaciones
deviationIndicators7d	Deviation indicators (7 days)	Indicadores de desviaciones (7 días)
deviations24h	Deviations (24 h)	Desviaciones (24 h)
deviationsCount	{count} deviations	{count} desviaciones	count:int
deviationsHint	Readings evaluated as warning or critical	Lecturas evaluadas como advertencia o críticas
deviationsLabel	Deviations	Desviaciones
deviationsSummary	{deviations} deviations · {critical} critical	{deviations} desviaciones · {critical} críticas	deviations:int,critical:int
deviceIdentifier	Device identifier	Identificador del dispositivo
digitalSignature	Digital signature	Firma digital
dni	DNI	DNI
dniInvalid	The DNI must have 8 digits.	El DNI debe tener 8 dígitos.
edit	Edit	Editar
email	E-mail	Correo
emailNotifications	E-mail	Correo
emailNotificationsHint	Receive alerts that reach the minimum severity by e-mail	Recibir por correo las alertas que alcancen la severidad mínima
environment	Environment	Ambiente
environmentalDevice	Environmental device	Dispositivo ambiental
equipmentUsed	Equipment used	Equipos usados
firmware	Firmware	Firmware
firstDetected	First detected	Primera detección
fullName	Full name	Nombre completo
fullNameInvalid	Enter between 2 and 120 characters.	Ingresa entre 2 y 120 caracteres.
history	History	Historial
inAppNotifications	In the app	En la aplicación
inAppNotificationsHint	Show notices in the bell	Mostrar los avisos en la campanita
iotDevices	IoT devices	Dispositivos IoT
iotRole	IoT role	Rol IoT
lastCommunication	Last communication	Última comunicación
location	Location	Ubicación
locationInvalid	Enter between 2 and 120 characters.	Ingresa entre 2 y 120 caracteres.
lotDepleted	Depleted	Agotado
lotExpired	Expired	Vencido
lotNearExpiry	Near expiry	Próximo a vencer
lotNotYetReceived	Not received yet	Aún no recibido
markAllRead	Mark all as read	Marcar todas como leídas
materialLots	Lots	Lotes
measurementSummary	Measurement summary	Resumen de mediciones
metricAirQuality	Air quality	Calidad del aire
metricHumidity	Humidity	Humedad
metricLuminosity	Luminosity	Luminosidad
metricMotion	Motion	Movimiento
metricRfidTag	RFID tag	Etiqueta RFID
metricTemperature	Temperature	Temperatura
minMax	min {min} · max {max}	mín {min} · máx {max}	min:String,max:String
minimumSeverity	Minimum severity	Severidad mínima
minimumSeverityHint	Alerts below this severity do not notify you. Batch notices always arrive.	Las alertas por debajo de esta severidad no te avisan. Los avisos de lotes siempre llegan.
motionDetected	Detected	Detectado
movementConsumption	Consumption	Consumo
movementReceipt	Receipt	Recepción
movementReview	Review	Revisión
movementStorage	Storage	Almacenamiento
neverCommunicated	Never	Nunca
newPassword	New password	Nueva contraseña
noAutomaticActions	No automatic actions in the last 24 hours.	Sin acciones automáticas en las últimas 24 horas.
noBatchesUsedIt	No batch has used this material.	Ningún lote ha usado este material.
noContainerAssigned	The batch has no container assigned.	El lote no tiene contenedor asignado.
noDeviations	No deviations in the last 24 hours.	Sin desviaciones en las últimas 24 horas.
noEquipmentUsed	No equipment registered for this batch.	No hay equipos registrados para este lote.
noOpenAlerts	There are no open alerts.	No hay alertas abiertas.
noParticipatingStaff	No staff registered for this batch.	No hay personal registrado para este lote.
noProfileConfigured	No ranges configured yet	Aún no hay rangos configurados
noReadings24h	The device sent no readings in the last 24 hours.	El dispositivo no envió lecturas en las últimas 24 horas.
noReadingsInPeriod	There are no readings in the period.	No hay lecturas en el periodo.
normalRange	Normal range	Rango normal
normalRangeValue	normal {range}	normal {range}	range:String
notEvaluated	Not evaluated	Sin evaluar
notLocated	Not located	Sin ubicar
noticeAlertAcknowledged	{actor} is attending the alert of {variable} in {environment}.	{actor} está atendiendo la alerta de {variable} en {environment}.	actor:String,variable:String,environment:String
noticeAlertEscalated	The alert of {variable} in {environment} rose to {level}: {value} {unit}.	La alerta de {variable} en {environment} pasó a {level}: {value} {unit}.	variable:String,environment:String,level:String,value:String,unit:String
noticeAlertOpened	New {severity} alert in {environment}: {variable} at {value} {unit}.	Nueva alerta {severity} en {environment}: {variable} en {value} {unit}.	severity:String,environment:String,variable:String,value:String,unit:String
noticeAlertResolved	{actor} resolved the alert of {variable} in {environment}.	{actor} resolvió la alerta de {variable} en {environment}.	actor:String,variable:String,environment:String
noticeBatchRejected	{actor} rejected batch {batch}: {note}	{actor} rechazó el lote {batch}: {note}	actor:String,batch:String,note:String
noticeBatchReleased	{actor} released batch {batch}.	{actor} liberó el lote {batch}.	actor:String,batch:String
noticeLevelCritical	critical	crítica
noticeLevelLow	low	leve
noticeLevelWarning	warning	advertencia
noticeSeverityCritical	critical	crítica
noticeSeverityLow	low	leve
noticeSeverityWarning	warning	de advertencia
notificationPreferences	Notification preferences	Preferencias de notificación
notificationsEmpty	You have no notifications yet.	Aún no tienes notificaciones.
notificationsTitle	Notifications	Notificaciones
notificationsUnread	Notifications, {count} unread	Notificaciones, {count} sin leer	count:int
onlyDeviations	Only deviations	Solo desviaciones
openAlertsHint	Most urgent first	Las más urgentes primero
participatingStaff	Participating staff	Personal participante
passwordChanged	Your password was changed.	Tu contraseña se cambió.
passwordPolicyHint	Between 8 and 72 characters, with letters and numbers.	Entre 8 y 72 caracteres, con letras y números.
passwordsDoNotMatch	The passwords do not match.	Las contraseñas no coinciden.
pendingCount	{count} pending	{count} pendientes	count:int
period24h	24 hours	24 horas
period31d	31 days	31 días
period7d	7 days	7 días
periodMax31Days	Choose a period of up to 31 days	Elige un periodo de hasta 31 días
personalData	Personal data	Datos personales
phoneInvalid	Enter a phone with 6 to 15 digits.	Ingresa un teléfono de 6 a 15 dígitos.
photoRemoved	Your photo was removed.	Se quitó tu foto.
photoTooLarge	The photo cannot exceed 2 MB.	La foto no puede superar 2 MB.
photoTypeNotAllowed	Choose a JPG, PNG or WebP image.	Elige una imagen JPG, PNG o WebP.
photoUpdated	Your photo was updated.	Se actualizó tu foto.
preferencesSaved	Preferences saved.	Preferencias guardadas.
profileSaved	Your data was saved.	Se guardaron tus datos.
profileVersion	Profile version {version}	Perfil versión {version}	version:String
readingsCount	{count} readings	{count} lecturas	count:int
recentBatches	Recent batches	Lotes recientes
removePhoto	Remove photo	Quitar foto
removePhotoConfirm	Your initials will be shown instead of the photo.	Se mostrarán tus iniciales en lugar de la foto.
renewalCancelled	Renewal cancelled: access until {date}	Renovación cancelada: acceso hasta el {date}	date:String
reportBatchTraceability	Batch traceability	Trazabilidad de lote
reportCompliance	Environmental compliance	Cumplimiento ambiental
reportEquipmentLog	Equipment log	Bitácora de equipo
reportInventory	Inventory	Inventario
reportKpiSummary	Indicator summary	Resumen de indicadores
reportsGeneratedOnWeb	Reports are generated and downloaded in QualiTrack Web.	Los reportes se generan y descargan en QualiTrack Web.
requiresReview	Requires review	Requiere revisión
roleAuditor	Auditor	Auditor
save	Save	Guardar
selectDevice	Device	Dispositivo
signatureHash	SHA-256 hash	Huella SHA-256
signedAt	Signed at	Firmado el
signedBy	Signed by	Firmado por
someone	Someone	Alguien
stateCritical	Critical	Crítico
stateNormal	Normal	Normal
stateWarning	Warning	Advertencia
telemetryNoDevices	There are no IoT devices located in an environment yet.	Aún no hay dispositivos IoT ubicados en un ambiente.
thresholdExceeded	Limit exceeded: {value}	Límite superado: {value}	value:String
timeInRange	{value} in range	{value} en rango	value:String
unread	Unread	Sin leer
until	until {date}	hasta el {date}	date:String
viewAll	View all	Ver todas
you	You	Tú
